{"Overall": {"Linear (Laplacian re-referencing + spectrogram OLD)": {"mean": 0.5387031881837313, "sem": 0.00413588801749269}, "Linear (Laplacian re-referencing + spectrogram NEW)": {"mean": 0.539212451742488, "sem": 0.004326467312439756}}, "onset": {"Linear (Laplacian re-referencing + spectrogram OLD)": {"mean": 0.6725080174475765, "sem": 0.036935331231784024}, "Linear (Laplacian re-referencing + spectrogram NEW)": {"mean": 0.6756088312624124, "sem": 0.03793746386700286}}, "speech": {"Linear (Laplacian re-referencing + spectrogram OLD)": {"mean": 0.6417602478164872, "sem": 0.03784275623969712}, "Linear (Laplacian re-referencing + spectrogram NEW)": {"mean": 0.6432052169181868, "sem": 0.03847687573576587}}, "volume": {"Linear (Laplacian re-referencing + spectrogram OLD)": {"mean": 0.5270944323090276, "sem": 0.010454948326696472}, "Linear (Laplacian re-referencing + spectrogram NEW)": {"mean": 0.5342280123438172, "sem": 0.012077626193363935}}, "delta_volume": {"Linear (Laplacian re-referencing + spectrogram OLD)": {"mean": 0.5676431969006337, "sem": 0.013293967665445184}, "Linear (Laplacian re-referencing + spectrogram NEW)": {"mean": 0.5685437102089466, "sem": 0.014248143455773177}}, "pitch": {"Linear (Laplacian re-referencing + spectrogram OLD)": {"mean": 0.5049959821414098, "sem": 0.0015446003113595093}, "Linear (Laplacian re-referencing + spectrogram NEW)": {"mean": 0.5054832107238127, "sem": 0.002772216045421965}}, "word_index": {"Linear (Laplacian re-referencing + spectrogram OLD)": {"mean": 0.5708559492777121, "sem": 0.022065549246269037}, "Linear (Laplacian re-referencing + spectrogram NEW)": {"mean": 0.5660913424055002, "sem": 0.024098710747583203}}, "word_gap": {"Linear (Laplacian re-referencing + spectrogram OLD)": {"mean": 0.5153432004166074, "sem": 0.00782724041441612}, "Linear (Laplacian re-referencing + spectrogram NEW)": {"mean": 0.5152652684782665, "sem": 0.00658901567670489}}, "gpt2_surprisal": {"Linear (Laplacian re-referencing + spectrogram OLD)": {"mean": 0.5075551846015864, "sem": 0.0029869710524029268}, "Linear (Laplacian re-referencing + spectrogram NEW)": {"mean": 0.5076083750156081, "sem": 0.003114463079094892}}, "word_head_pos": {"Linear (Laplacian re-referencing + spectrogram OLD)": {"mean": 0.5214039918367347, "sem": 0.007649298243256524}, "Linear (Laplacian re-referencing + spectrogram NEW)": {"mean": 0.5252538448979591, "sem": 0.009300236814305267}}, "word_part_speech": {"Linear (Laplacian re-referencing + spectrogram OLD)": {"mean": 0.5077270671516925, "sem": 0.0058993826672014025}, "Linear (Laplacian re-referencing + spectrogram NEW)": {"mean": 0.5059204266399882, "sem": 0.00829274261156196}}, "word_length": {"Linear (Laplacian re-referencing + spectrogram OLD)": {"mean": 0.5084940690671776, "sem": 0.0049415419605701545}, "Linear (Laplacian re-referencing + spectrogram NEW)": {"mean": 0.5110983506723635, "sem": 0.006010349577457264}}, "global_flow": {"Linear (Laplacian re-referencing + spectrogram OLD)": {"mean": 0.5154807553332572, "sem": 0.0051275459221595526}, "Linear (Laplacian re-referencing + spectrogram NEW)": {"mean": 0.5150297464085039, "sem": 0.007029857413267131}}, "local_flow": {"Linear (Laplacian re-referencing + spectrogram OLD)": {"mean": 0.5130579037378414, "sem": 0.0049814400719200265}, "Linear (Laplacian re-referencing + spectrogram NEW)": {"mean": 0.5095183867999643, "sem": 0.004986241086328209}}, "frame_brightness": {"Linear (Laplacian re-referencing + spectrogram OLD)": {"mean": 0.4988952435339999, "sem": 0.004309053436887819}, "Linear (Laplacian re-referencing + spectrogram NEW)": {"mean": 0.4948061828983322, "sem": 0.0043828825004621355}}, "face_num": {"Linear (Laplacian re-referencing + spectrogram OLD)": {"mean": 0.5077325811842257, "sem": 0.00442211426917751}, "Linear (Laplacian re-referencing + spectrogram NEW)": {"mean": 0.5105258704636585, "sem": 0.004073646788165134}}}