{"Overall": {"Linear (Laplacian re-referencing + spectrogram OLD)": {"mean": 0.6602103626172598, "sem": 0.005024018878056961}, "Linear (Laplacian re-referencing + spectrogram NEW)": {"mean": 0.6599077810422711, "sem": 0.005343528409068332}}, "onset": {"Linear (Laplacian re-referencing + spectrogram OLD)": {"mean": 0.8906447564354948, "sem": 0.01832697460488791}, "Linear (Laplacian re-referencing + spectrogram NEW)": {"mean": 0.8879859493160723, "sem": 0.016862994461814346}}, "speech": {"Linear (Laplacian re-referencing + spectrogram OLD)": {"mean": 0.8827203382974811, "sem": 0.018379762541912495}, "Linear (Laplacian re-referencing + spectrogram NEW)": {"mean": 0.8818550931237658, "sem": 0.0166762053675995}}, "volume": {"Linear (Laplacian re-referencing + spectrogram OLD)": {"mean": 0.7165545700623515, "sem": 0.031841223142850594}, "Linear (Laplacian re-referencing + spectrogram NEW)": {"mean": 0.7167534213711216, "sem": 0.036453740507373183}}, "delta_volume": {"Linear (Laplacian re-referencing + spectrogram OLD)": {"mean": 0.7622677247742562, "sem": 0.025832660806417}, "Linear (Laplacian re-referencing + spectrogram NEW)": {"mean": 0.7558553449313367, "sem": 0.027092795564483317}}, "pitch": {"Linear (Laplacian re-referencing + spectrogram OLD)": {"mean": 0.5783737153228793, "sem": 0.016187749248444242}, "Linear (Laplacian re-referencing + spectrogram NEW)": {"mean": 0.5842964829350704, "sem": 0.014566119342614195}}, "word_index": {"Linear (Laplacian re-referencing + spectrogram OLD)": {"mean": 0.7401195688759551, "sem": 0.027551903024819198}, "Linear (Laplacian re-referencing + spectrogram NEW)": {"mean": 0.7397324592548494, "sem": 0.029811868642257242}}, "word_gap": {"Linear (Laplacian re-referencing + spectrogram OLD)": {"mean": 0.6116517216356449, "sem": 0.014277753094682284}, "Linear (Laplacian re-referencing + spectrogram NEW)": {"mean": 0.6126262614455674, "sem": 0.0150355144641605}}, "gpt2_surprisal": {"Linear (Laplacian re-referencing + spectrogram OLD)": {"mean": 0.6130867731980356, "sem": 0.016962817946021856}, "Linear (Laplacian re-referencing + spectrogram NEW)": {"mean": 0.6075376554261088, "sem": 0.017437164475539384}}, "word_head_pos": {"Linear (Laplacian re-referencing + spectrogram OLD)": {"mean": 0.6016399591836735, "sem": 0.01247027198315427}, "Linear (Laplacian re-referencing + spectrogram NEW)": {"mean": 0.6026791000978723, "sem": 0.011767325634302491}}, "word_part_speech": {"Linear (Laplacian re-referencing + spectrogram OLD)": {"mean": 0.6054697377283453, "sem": 0.011919831457673368}, "Linear (Laplacian re-referencing + spectrogram NEW)": {"mean": 0.6011022031377347, "sem": 0.016157613613369835}}, "word_length": {"Linear (Laplacian re-referencing + spectrogram OLD)": {"mean": 0.6175825553762134, "sem": 0.014960976534711299}, "Linear (Laplacian re-referencing + spectrogram NEW)": {"mean": 0.6171491994139676, "sem": 0.017544431677921538}}, "global_flow": {"Linear (Laplacian re-referencing + spectrogram OLD)": {"mean": 0.6251868197332965, "sem": 0.01330206537283645}, "Linear (Laplacian re-referencing + spectrogram NEW)": {"mean": 0.6299470340166176, "sem": 0.014242726189030242}}, "local_flow": {"Linear (Laplacian re-referencing + spectrogram OLD)": {"mean": 0.6073124092761063, "sem": 0.017015908437205393}, "Linear (Laplacian re-referencing + spectrogram NEW)": {"mean": 0.6147562815827337, "sem": 0.016004163925585065}}, "frame_brightness": {"Linear (Laplacian re-referencing + spectrogram OLD)": {"mean": 0.5205597952345817, "sem": 0.025252466545846626}, "Linear (Laplacian re-referencing + spectrogram NEW)": {"mean": 0.5277735825332776, "sem": 0.026867469106001955}}, "face_num": {"Linear (Laplacian re-referencing + spectrogram OLD)": {"mean": 0.5299849941245844, "sem": 0.013636447802514039}, "Linear (Laplacian re-referencing + spectrogram NEW)": {"mean": 0.5185666470479715, "sem": 0.01673035342225922}}}