{"Overall": {"Linear (Laplacian re-referencing + spectrogram OLD)": {"mean": 0.6484066421190231, "sem": 0.004155359316945617}, "Linear (Laplacian re-referencing + spectrogram NEW)": {"mean": 0.651149022795248, "sem": 0.004720246047485648}}, "onset": {"Linear (Laplacian re-referencing + spectrogram OLD)": {"mean": 0.9036630727033673, "sem": 0.01207463889211895}, "Linear (Laplacian re-referencing + spectrogram NEW)": {"mean": 0.9130721195401198, "sem": 0.011414996794210782}}, "speech": {"Linear (Laplacian re-referencing + spectrogram OLD)": {"mean": 0.8889927711384855, "sem": 0.017929922387421082}, "Linear (Laplacian re-referencing + spectrogram NEW)": {"mean": 0.907568847243272, "sem": 0.013879619502995152}}, "volume": {"Linear (Laplacian re-referencing + spectrogram OLD)": {"mean": 0.714294577025684, "sem": 0.023401032744636813}, "Linear (Laplacian re-referencing + spectrogram NEW)": {"mean": 0.7075474780202109, "sem": 0.02691717155997463}}, "delta_volume": {"Linear (Laplacian re-referencing + spectrogram OLD)": {"mean": 0.7341092256724098, "sem": 0.020123031345484814}, "Linear (Laplacian re-referencing + spectrogram NEW)": {"mean": 0.736959936540369, "sem": 0.019506563964823455}}, "pitch": {"Linear (Laplacian re-referencing + spectrogram OLD)": {"mean": 0.5791727434139632, "sem": 0.015522757408728305}, "Linear (Laplacian re-referencing + spectrogram NEW)": {"mean": 0.5875412593655659, "sem": 0.01458728405597219}}, "word_index": {"Linear (Laplacian re-referencing + spectrogram OLD)": {"mean": 0.6912789831963272, "sem": 0.027830300120036837}, "Linear (Laplacian re-referencing + spectrogram NEW)": {"mean": 0.6961240969143511, "sem": 0.02984564906301184}}, "word_gap": {"Linear (Laplacian re-referencing + spectrogram OLD)": {"mean": 0.5899782918912141, "sem": 0.01625042089617915}, "Linear (Laplacian re-referencing + spectrogram NEW)": {"mean": 0.5840515721288132, "sem": 0.015287114360590244}}, "gpt2_surprisal": {"Linear (Laplacian re-referencing + spectrogram OLD)": {"mean": 0.5926018983917113, "sem": 0.012197308993310715}, "Linear (Laplacian re-referencing + spectrogram NEW)": {"mean": 0.5962364665607204, "sem": 0.014380720788743905}}, "word_head_pos": {"Linear (Laplacian re-referencing + spectrogram OLD)": {"mean": 0.5801306326530612, "sem": 0.008670503246702477}, "Linear (Laplacian re-referencing + spectrogram NEW)": {"mean": 0.5845047346938776, "sem": 0.008828954847405975}}, "word_part_speech": {"Linear (Laplacian re-referencing + spectrogram OLD)": {"mean": 0.6099616707863402, "sem": 0.012697803618886479}, "Linear (Laplacian re-referencing + spectrogram NEW)": {"mean": 0.6121544140796895, "sem": 0.012544176890243187}}, "word_length": {"Linear (Laplacian re-referencing + spectrogram OLD)": {"mean": 0.6087113976067119, "sem": 0.011369950004176841}, "Linear (Laplacian re-referencing + spectrogram NEW)": {"mean": 0.6084795756035433, "sem": 0.012239496286429553}}, "global_flow": {"Linear (Laplacian re-referencing + spectrogram OLD)": {"mean": 0.5947874788952631, "sem": 0.01233819133330287}, "Linear (Laplacian re-referencing + spectrogram NEW)": {"mean": 0.5984125035310907, "sem": 0.01671389846879273}}, "local_flow": {"Linear (Laplacian re-referencing + spectrogram OLD)": {"mean": 0.5778507973258876, "sem": 0.009899228993910249}, "Linear (Laplacian re-referencing + spectrogram NEW)": {"mean": 0.5801402969129646, "sem": 0.010297629814600253}}, "frame_brightness": {"Linear (Laplacian re-referencing + spectrogram OLD)": {"mean": 0.5353576554969807, "sem": 0.017707441534087164}, "Linear (Laplacian re-referencing + spectrogram NEW)": {"mean": 0.5323886838072536, "sem": 0.03223678203313494}}, "face_num": {"Linear (Laplacian re-referencing + spectrogram OLD)": {"mean": 0.5252084355879416, "sem": 0.010366041733381341}, "Linear (Laplacian re-referencing + spectrogram NEW)": {"mean": 0.5220533569868752, "sem": 0.01521203674878289}}}